ID,cc_cons
17591,inf
13541,inf
13431,inf
8687,inf
14727,inf
14988,inf
14859,inf
16636,inf
7625,inf
16492,inf
13674,inf
11981,inf
5185,inf
15288,inf
18526,inf
16760,inf
10805,inf
8830,inf
8926,inf
10974,inf
2155,inf
17251,inf
12154,inf
12227,inf
19961,inf
13866,inf
17498,inf
7241,inf
414,inf
206,inf
7420,inf
4601,inf
2768,inf
8120,inf
18584,inf
16697,inf
16238,inf
3772,inf
3462,inf
710,inf
558,inf
1244,inf
1302,inf
547,inf
19129,inf
237,inf
11122,inf
4438,inf
18371,inf
6401,inf
13770,inf
18317,inf
19226,inf
4126,inf
11313,inf
3925,inf
15973,inf
12281,inf
353,inf
907,inf
1711,inf
9617,inf
12928,inf
3523,inf
18838,inf
17609,inf
306,inf
14812,inf
1551,inf
16640,inf
13546,inf
4968,inf
13371,inf
3981,inf
11568,inf
5662,inf
19586,inf
14489,inf
14153,inf
7626,inf
3085,inf
14821,inf
9815,inf
6506,inf
6176,inf
13040,inf
1325,inf
330,inf
2389,inf
10391,inf
1019,inf
4338,inf
19849,inf
13667,inf
12709,inf
12701,inf
18563,inf
19665,inf
5251,inf
6671,inf
15887,inf
544,inf
13494,inf
4304,inf
12181,inf
15041,inf
14167,inf
4659,inf
1820,inf
6317,inf
313,inf
12467,inf
13452,inf
3464,inf
4890,inf
11567,inf
17396,inf
13188,inf
15605,inf
7577,inf
8160,inf
1429,inf
14928,inf
3349,inf
799,inf
12678,inf
19053,inf
15806,inf
2854,inf
4144,inf
16232,inf
10365,inf
4202,inf
9671,inf
6615,inf
12050,inf
13998,inf
7406,inf
12497,inf
4662,inf
3661,inf
17436,inf
2332,inf
16771,inf
17110,inf
15967,inf
5758,inf
2882,inf
10774,inf
7750,inf
16516,inf
3670,inf
15883,inf
2947,inf
13476,inf
13301,inf
6468,inf
15135,inf
16278,inf
12114,inf
3839,inf
2886,inf
11928,inf
15155,inf
4316,inf
7299,inf
1306,inf
19221,inf
7039,inf
11499,inf
1312,inf
2124,inf
1907,inf
16979,inf
6629,inf
5295,inf
11961,inf
11653,inf
2822,inf
9335,inf
742,inf
8080,inf
12707,inf
3559,inf
4455,inf
16907,inf
6453,inf
1108,inf
280,inf
16566,inf
17535,inf
15464,inf
936,inf
17214,inf
6182,inf
14305,inf
11840,inf
7534,inf
3025,inf
6393,inf
13441,inf
18252,inf
11194,inf
15711,inf
5219,inf
16914,inf
10003,inf
12338,inf
3813,inf
15088,inf
10155,inf
1466,inf
15472,inf
17157,inf
18166,inf
15940,inf
16627,inf
10125,inf
16485,inf
683,inf
6119,inf
4454,inf
9712,inf
4120,inf
15722,inf
6352,inf
17883,inf
18204,inf
9971,inf
9023,inf
13472,inf
18393,inf
1916,inf
2114,inf
15098,inf
16002,inf
14466,inf
5230,inf
7591,inf
11578,inf
3258,inf
12283,inf
17355,inf
6557,inf
1523,inf
579,inf
11196,inf
4925,inf
10260,inf
16414,inf
9575,inf
4517,inf
5120,inf
624,inf
19457,inf
18888,inf
2356,inf
4545,inf
18014,inf
13964,inf
6774,inf
12210,inf
7735,inf
12253,inf
968,inf
19474,inf
10090,inf
9695,inf
6057,inf
11620,inf
19105,inf
18161,inf
16983,inf
16846,inf
12641,inf
12194,inf
3182,inf
697,inf
16666,inf
10809,inf
16899,inf
1473,inf
11504,inf
7004,inf
12782,inf
3142,inf
15486,inf
10817,inf
755,inf
3527,inf
18375,inf
1146,inf
3290,inf
5630,inf
13114,inf
17944,inf
6621,inf
8012,inf
5782,inf
2840,inf
4245,inf
14833,inf
3884,inf
9209,inf
17550,inf
1191,inf
16498,inf
11748,inf
16053,inf
18527,inf
11548,inf
11074,inf
9104,inf
8083,inf
11425,inf
3247,inf
7233,inf
13650,inf
11762,inf
9216,inf
2398,inf
7321,inf
19222,inf
9225,inf
18451,inf
2529,inf
8266,inf
15901,inf
9070,inf
15808,inf
12019,inf
19750,inf
2532,inf
5234,inf
10409,inf
12698,inf
15412,inf
19217,inf
19907,inf
833,inf
17121,inf
1966,inf
7703,inf
520,inf
3739,inf
18300,inf
9834,inf
1992,inf
16462,inf
14735,inf
9481,inf
6989,inf
19741,inf
5767,inf
17583,inf
930,inf
1774,inf
13003,inf
1780,inf
5582,inf
19569,inf
3723,inf
3866,inf
7168,inf
19793,inf
5951,inf
5641,inf
6583,inf
18998,inf
8236,inf
19610,inf
5238,inf
5335,inf
19316,inf
9585,inf
14363,inf
6578,inf
15395,inf
1819,inf
18381,inf
3880,inf
9098,inf
17890,inf
7861,inf
5490,inf
12309,inf
1833,inf
17881,inf
13165,inf
8610,inf
13363,inf
4975,inf
12351,inf
273,inf
8975,inf
18951,inf
15165,inf
5178,inf
6044,inf
19386,inf
1635,inf
2814,inf
6974,inf
18536,inf
11636,inf
7414,inf
11880,inf
15503,inf
983,inf
18110,inf
7084,inf
14005,inf
19111,inf
18532,inf
18394,inf
10851,inf
4544,inf
6236,inf
15497,inf
19864,inf
15670,inf
8118,inf
7289,inf
13788,inf
5588,inf
5110,inf
10620,inf
1156,inf
18398,inf
7134,inf
7676,inf
9409,inf
17713,inf
3435,inf
14394,inf
117,inf
18541,inf
17575,inf
8351,inf
7216,inf
8736,inf
1989,inf
19666,inf
3908,inf
14375,inf
7794,inf
7232,inf
2836,inf
15954,inf
3354,inf
3368,inf
9219,inf
8658,inf
3809,inf
5129,inf
4874,inf
8758,inf
16293,inf
8150,inf
4272,inf
15938,inf
9893,inf
1299,inf
7239,inf
8253,inf
19340,inf
18530,inf
14903,inf
14454,inf
12353,inf
14431,inf
17602,inf
15036,inf
8921,inf
11059,inf
18577,inf
14565,inf
4955,inf
3535,inf
2024,inf
17666,inf
6295,inf
7085,inf
1389,inf
3659,inf
15509,inf
16938,inf
15432,inf
12074,inf
15777,inf
19953,inf
1709,inf
10048,inf
11839,inf
701,inf
7271,inf
10196,inf
2901,inf
198,inf
3877,inf
15160,inf
17634,inf
16927,inf
15162,inf
8443,inf
1716,inf
7870,inf
4318,inf
11351,inf
15465,inf
18121,inf
6602,inf
4331,inf
6592,inf
18955,inf
2510,inf
4009,inf
15468,inf
7251,inf
7463,inf
16325,inf
14882,inf
3610,inf
19097,inf
9378,inf
16582,inf
16761,inf
12055,inf
1226,inf
7344,inf
16365,inf
223,inf
15934,inf
11882,inf
7083,inf
14196,inf
1599,inf
5976,inf
5611,inf
12565,inf
1339,inf
16772,inf
11827,inf
18484,inf
3033,inf
14726,inf
13696,inf
16295,inf
7910,inf
1868,inf
3190,inf
549,inf
8940,inf
214,inf
3587,inf
11555,inf
19231,inf
8248,inf
355,inf
15634,inf
6746,inf
2963,inf
2082,inf
16784,inf
10436,inf
5114,inf
14525,inf
4534,inf
8877,inf
12117,inf
2682,inf
7948,inf
112,inf
2220,inf
606,inf
11552,inf
942,inf
555,inf
3394,inf
7916,inf
13261,inf
9592,inf
5694,inf
7570,inf
15543,inf
5834,inf
3362,inf
5741,inf
11060,inf
24,inf
14942,inf
8277,inf
4596,inf
396,inf
3213,inf
14447,inf
14106,inf
5940,inf
19543,inf
10215,inf
16348,inf
2111,inf
7973,inf
1175,inf
1796,inf
7425,inf
13183,inf
471,inf
17683,inf
4770,inf
10199,inf
9601,inf
19986,inf
10411,inf
10682,inf
12224,inf
8319,inf
4618,inf
7976,inf
4340,inf
10852,inf
4810,inf
5049,inf
16928,inf
4504,inf
4327,inf
13368,inf
5657,inf
1007,inf
10792,inf
18373,inf
12313,inf
8295,inf
15707,inf
5504,inf
11441,inf
10964,inf
10850,inf
17775,inf
17588,inf
14495,inf
5522,inf
14724,inf
3653,inf
1588,inf
7587,inf
2381,inf
2879,inf
11660,inf
11681,inf
6929,inf
17457,inf
10894,inf
4822,inf
1647,inf
15006,inf
19487,inf
12585,inf
17909,inf
7793,inf
4997,inf
4763,inf
11444,inf
1627,inf
10371,inf
18564,inf
4093,inf
6978,inf
12945,inf
3539,inf
10628,inf
11767,inf
13601,inf
2245,inf
14887,inf
4278,inf
9950,inf
3204,inf
16690,inf
2416,inf
19947,inf
17029,inf
14802,inf
4571,inf
2165,inf
14756,inf
17443,inf
12952,inf
16486,inf
3597,inf
1319,inf
2645,inf
18246,inf
17179,inf
8259,inf
2410,inf
16128,inf
2694,inf
6076,inf
11899,inf
16987,inf
18023,inf
3774,inf
6848,inf
8283,inf
18868,inf
16132,inf
9358,inf
10515,inf
536,inf
2533,inf
8756,inf
8468,inf
19165,inf
2818,inf
15919,inf
12633,inf
9901,inf
3422,inf
17028,inf
16513,inf
8666,inf
13659,inf
19319,inf
5897,inf
13079,inf
4884,inf
11678,inf
3708,inf
17810,inf
12258,inf
11047,inf
6014,inf
516,inf
13560,inf
17168,inf
18286,inf
2058,inf
2542,inf
19016,inf
7302,inf
19732,inf
12284,inf
6820,inf
17953,inf
17263,inf
4713,inf
12816,inf
13464,inf
1223,inf
13706,inf
9512,inf
14862,inf
12056,inf
3783,inf
4793,inf
4205,inf
8823,inf
14191,inf
15643,inf
9554,inf
12239,inf
2786,inf
15274,inf
537,inf
13445,inf
2634,inf
17840,inf
12118,inf
12312,inf
2052,inf
6709,inf
16546,inf
12124,inf
923,inf
4148,inf
7264,inf
15214,inf
18504,inf
9475,inf
12432,inf
18524,inf
18255,inf
8654,inf
5876,inf
4055,inf
3906,inf
4875,inf
1773,inf
5520,inf
14021,inf
2216,inf
16529,inf
18553,inf
18753,inf
5548,inf
9435,inf
17907,inf
2808,inf
11816,inf
9060,inf
5775,inf
17694,inf
3976,inf
17781,inf
8893,inf
5116,inf
13033,inf
17649,inf
16358,inf
17172,inf
3140,inf
19312,inf
1188,inf
13244,inf
2458,inf
17483,inf
14793,inf
2279,inf
7675,inf
7409,inf
19974,inf
15518,inf
15473,inf
16214,inf
17398,inf
1391,inf
18026,inf
16381,inf
5905,inf
18424,inf
16578,inf
2315,inf
3303,inf
5633,inf
14610,inf
4749,inf
12238,inf
16125,inf
1374,inf
17058,inf
16495,inf
16340,inf
13974,inf
16180,inf
19733,inf
10112,inf
16557,inf
12028,inf
18047,inf
12496,inf
11661,inf
12783,inf
7065,inf
19005,inf
15781,inf
13208,inf
14926,inf
19730,inf
19067,inf
321,inf
19587,inf
1721,inf
5511,inf
8899,inf
17717,inf
897,inf
14045,inf
1404,inf
8999,inf
8036,inf
9388,inf
1180,inf
8958,inf
6065,inf
9479,inf
5873,inf
8796,inf
8601,inf
18825,inf
5933,inf
6462,inf
16286,inf
14994,inf
15364,inf
9427,inf
8115,inf
15421,inf
11865,inf
13162,inf
8185,inf
18432,inf
6564,inf
17979,inf
14379,inf
1158,inf
8493,inf
7967,inf
8761,inf
5813,inf
6104,inf
3469,inf
16073,inf
11942,inf
12303,inf
8607,inf
19370,inf
11871,inf
10737,inf
782,inf
14214,inf
14248,inf
17,inf
1358,inf
2858,inf
6727,inf
18860,inf
12474,inf
13172,inf
11993,inf
9841,inf
18116,inf
7050,inf
849,inf
9622,inf
13661,inf
8308,inf
5053,inf
732,inf
13818,inf
17792,inf
3602,inf
16332,inf
16785,inf
7752,inf
12761,inf
12475,inf
5724,inf
3924,inf
16200,inf
14987,inf
3923,inf
5468,inf
6386,inf
10497,inf
4901,inf
1410,inf
1957,inf
1159,inf
12822,inf
15586,inf
16948,inf
15156,inf
15582,inf
4754,inf
15571,inf
3898,inf
19171,inf
13211,inf
943,inf
16015,inf
5706,inf
8059,inf
7404,inf
15613,inf
4797,inf
619,inf
15075,inf
6951,inf
9505,inf
9471,inf
16889,inf
6251,inf
10677,inf
4287,inf
4317,inf
6195,inf
19473,inf
5682,inf
9687,inf
18261,inf
16860,inf
9249,inf
18523,inf
7325,inf
6844,inf
6549,inf
11540,inf
19906,inf
7586,inf
11119,inf
7018,inf
16966,inf
11528,inf
13920,inf
8420,inf
9751,inf
13013,inf
17787,inf
9699,inf
8149,inf
18519,inf
10369,inf
19200,inf
17917,inf
7400,inf
17218,inf
17488,inf
7069,inf
6049,inf
2343,inf
159,inf
568,inf
14913,inf
6902,inf
374,inf
15207,inf
15291,inf
18535,inf
19593,inf
9270,inf
2335,inf
1701,inf
14703,inf
1083,inf
11843,inf
16175,inf
16971,inf
19680,inf
11522,inf
14250,inf
9786,inf
5886,inf
18598,inf
19194,inf
17798,inf
7941,inf
12639,inf
16805,inf
3225,inf
10870,inf
5562,inf
15204,inf
15020,inf
1970,inf
4349,inf
13870,inf
15455,inf
11727,inf
18604,inf
7373,inf
2310,inf
9764,inf
7747,inf
6520,inf
7697,inf
15573,inf
19192,inf
17984,inf
14285,inf
2908,inf
12662,inf
2671,inf
8526,inf
2787,inf
10472,inf
7305,inf
1756,inf
4850,inf
19399,inf
15163,inf
5285,inf
5430,inf
9400,inf
19679,inf
5606,inf
18671,inf
18548,inf
9459,inf
4881,inf
17929,inf
18640,inf
3831,inf
6063,inf
8663,inf
1201,inf
8935,inf
19612,inf
12208,inf
11421,inf
18659,inf
12027,inf
8460,inf
1549,inf
14354,inf
18127,inf
18582,inf
15964,inf
16184,inf
15115,inf
11431,inf
14205,inf
17888,inf
19384,inf
13780,inf
8196,inf
11174,inf
8470,inf
19975,inf
11270,inf
9365,inf
3421,inf
8140,inf
18211,inf
4722,inf
10017,inf
15132,inf
6901,inf
5691,inf
5573,inf
7435,inf
12152,inf
7341,inf
18994,inf
14584,inf
8809,inf
580,inf
6747,inf
14369,inf
10555,inf
6115,inf
14575,inf
18533,inf
19227,inf
746,inf
3022,inf
12628,inf
9754,inf
10054,inf
8368,inf
3812,inf
2453,inf
5232,inf
19645,inf
6028,inf
4332,inf
17532,inf
6678,inf
19505,inf
14775,inf
18952,inf
14218,inf
6001,inf
13700,inf
1453,inf
6235,inf
7071,inf
19984,inf
17924,inf
12845,inf
4628,inf
945,inf
14157,inf
13618,inf
16658,inf
5300,inf
12449,inf
13783,inf
9980,inf
16845,inf
2862,inf
3350,inf
17429,inf
1895,inf
11101,inf
3963,inf
1133,inf
13673,inf
13489,inf
13865,inf
15786,inf
3985,inf
11998,inf
10739,inf
4702,inf
7499,inf
8550,inf
4776,inf
13317,inf
2184,inf
807,inf
7099,inf
8973,inf
9369,inf
16823,inf
11525,inf
10986,inf
2434,inf
3108,inf
18217,inf
10631,inf
9141,inf
7760,inf
10905,inf
5890,inf
11294,inf
19332,inf
5426,inf
17785,inf
11420,inf
3049,inf
12632,inf
19246,inf
13271,inf
17803,inf
17126,inf
8698,inf
5996,inf
11892,inf
15263,inf
5210,inf
12905,inf
19208,inf
5599,inf
13512,inf
19511,inf
16281,inf
2142,inf
11034,inf
19121,inf
7803,inf
2236,inf
8589,inf
14052,inf
10440,inf
17316,inf
1123,inf
8102,inf
15355,inf
252,inf
8193,inf
15147,inf
13263,inf
8385,inf
13425,inf
19762,inf
12939,inf
16290,inf
31,inf
14664,inf
11006,inf
7303,inf
2135,inf
7946,inf
19020,inf
977,inf
1281,inf
6100,inf
13110,inf
644,inf
17424,inf
16563,inf
17516,inf
11881,inf
13520,inf
15120,inf
13448,inf
5828,inf
8383,inf
12324,inf
11737,inf
3534,inf
16464,inf
19863,inf
16289,inf
3396,inf
1950,inf
18910,inf
9694,inf
15347,inf
13653,inf
19422,inf
2442,inf
3042,inf
574,inf
1237,inf
9161,inf
11362,inf
174,inf
10512,inf
2361,inf
19553,inf
16088,inf
15758,inf
2754,inf
2164,inf
622,inf
19967,inf
14744,inf
18723,inf
17460,inf
5411,inf
7708,inf
10158,inf
7759,inf
11960,inf
7229,inf
17596,inf
17875,inf
3193,inf
1239,inf
2446,inf
13521,inf
1873,inf
3300,inf
2980,inf
2239,inf
17467,inf
4016,inf
18399,inf
4460,inf
9114,inf
5470,inf
14819,inf
15637,inf
4826,inf
2021,inf
13241,inf
13564,inf
13724,inf
4458,inf
3781,inf
5570,inf
13787,inf
16463,inf
14589,inf
9012,inf
7054,inf
13281,inf
5955,inf
11606,inf
10045,inf
10521,inf
5163,inf
18356,inf
62,inf
5702,inf
5556,inf
5060,inf
3987,inf
11,inf
15148,inf
10749,inf
8760,inf
16457,inf
17332,inf
7314,inf
2484,inf
5780,inf
13994,inf
9190,inf
8913,inf
2123,inf
17169,inf
1069,inf
19507,inf
2517,inf
13535,inf
11135,inf
2158,inf
77,inf
19243,inf
288,inf
138,inf
490,inf
17789,inf
12597,inf
4387,inf
15690,inf
11761,inf
19177,inf
17493,inf
17195,inf
8002,inf
12954,inf
7883,inf
17414,inf
11630,inf
11057,inf
14179,inf
9598,inf
4225,inf
14235,inf
17043,inf
18510,inf
16974,inf
170,inf
7860,inf
1205,inf
16029,inf
662,inf
10373,inf
6365,inf
11052,inf
3485,inf
19396,inf
8856,inf
4947,inf
8748,inf
2376,inf
2160,inf
1259,inf
12708,inf
14444,inf
7220,inf
16249,inf
15971,inf
3519,inf
17689,inf
12829,inf
11243,inf
12096,inf
19490,inf
6408,inf
9079,inf
8404,inf
1013,inf
9524,inf
12217,inf
6216,inf
15978,inf
9872,inf
599,inf
19178,inf
2679,inf
7312,inf
11853,inf
1607,inf
6847,inf
4110,inf
9315,inf
10507,inf
16151,inf
6162,inf
11432,inf
10315,inf
15575,inf
2349,inf
1739,inf
9520,inf
8270,inf
15122,inf
8222,inf
3691,inf
1186,inf
7007,inf
8315,inf
16816,inf
6865,inf
9174,inf
7422,inf
13715,inf
13242,inf
7813,inf
16683,inf
8378,inf
9230,inf
7830,inf
12011,inf
6022,inf
715,inf
6240,inf
18022,inf
17426,inf
18633,inf
8442,inf
1516,inf
8055,inf
13157,inf
529,inf
13500,inf
2981,inf
8825,inf
14190,inf
14875,inf
15297,inf
17006,inf
17499,inf
15495,inf
56,inf
10951,inf
17807,inf
12327,inf
13227,inf
10921,inf
1100,inf
14949,inf
19898,inf
16164,inf
373,inf
9027,inf
834,inf
14367,inf
19278,inf
7936,inf
3026,inf
14112,inf
6450,inf
441,inf
7767,inf
16168,inf
1440,inf
1282,inf
10033,inf
8819,inf
5963,inf
798,inf
4718,inf
14497,inf
9652,inf
9132,inf
4255,inf
18162,inf
13810,inf
16323,inf
19556,inf
566,inf
16490,inf
15807,inf
14560,inf
12970,inf
13554,inf
9864,inf
3399,inf
17702,inf
6208,inf
7496,inf
2443,inf
14969,inf
15416,inf
18618,inf
6392,inf
19484,inf
2305,inf
13456,inf
4569,inf
2318,inf
3406,inf
16307,inf
14333,inf
15242,inf
928,inf
7814,inf
5705,inf
16573,inf
8952,inf
18290,inf
14933,inf
3499,inf
12827,inf
9916,inf
9384,inf
7470,inf
4086,inf
16768,inf
13772,inf
5374,inf
16297,inf
9069,inf
6970,inf
6437,inf
13631,inf
13217,inf
9103,inf
19695,inf
16906,inf
18495,inf
7785,inf
13385,inf
18511,inf
10036,inf
962,inf
15428,inf
19723,inf
19344,inf
11756,inf
9284,inf
10728,inf
7640,inf
19339,inf
17619,inf
12273,inf
11908,inf
824,inf
19383,inf
8367,inf
4259,inf
13719,inf
13517,inf
15578,inf
13086,inf
5722,inf
980,inf
15870,inf
13179,inf
11210,inf
11599,inf
7801,inf
176,inf
9106,inf
2383,inf
10401,inf
8565,inf
473,inf
19872,inf
13930,inf
3742,inf
17223,inf
3075,inf
4190,inf
7507,inf
6039,inf
6158,inf
12371,inf
661,inf
15126,inf
14443,inf
2311,inf
12850,inf
14700,inf
4116,inf
12524,inf
1844,inf
12975,inf
9838,inf
7846,inf
2137,inf
6688,inf
14620,inf
1858,inf
17384,inf
7080,inf
12052,inf
2297,inf
6302,inf
3245,inf
13135,inf
17044,inf
19997,inf
1724,inf
16565,inf
11409,inf
9426,inf
2931,inf
6329,inf
18001,inf
7540,inf
17914,inf
15125,inf
12231,inf
18930,inf
16341,inf
3638,inf
9361,inf
1600,inf
13613,inf
10406,inf
5575,inf
18036,inf
8206,inf
13053,inf
13260,inf
19512,inf
256,inf
18672,inf
14985,inf
10632,inf
17584,inf
17399,inf
5103,inf
13906,inf
17677,inf
17305,inf
6489,inf
12689,inf
376,inf
16396,inf
1560,inf
13475,inf
6072,inf
11799,inf
886,inf
1629,inf
704,inf
196,inf
10931,inf
19098,inf
11004,inf
16558,inf
637,inf
10317,inf
15869,inf
3759,inf
13988,inf
8393,inf
11051,inf
10827,inf
7888,inf
19681,inf
686,inf
10989,inf
13850,inf
5012,inf
3052,inf
1331,inf
7267,inf
13450,inf
8976,inf
2292,inf
10216,inf
16553,inf
12182,inf
16615,inf
10598,inf
1347,inf
3681,inf
16244,inf
14061,inf
13542,inf
961,inf
17328,inf
14012,inf
11288,inf
210,inf
4031,inf
4244,inf
17805,inf
6409,inf
387,inf
14348,inf
10689,inf
1061,inf
9577,inf
9905,inf
14647,inf
6707,inf
11664,inf
586,inf
8377,inf
8398,inf
19245,inf
14308,inf
3573,inf
3657,inf
18428,inf
7440,inf
16503,inf
15060,inf
11798,inf
7336,inf
7542,inf
185,inf
7238,inf
2559,inf
18502,inf
10492,inf
9793,inf
7181,inf
4163,inf
1781,inf
6881,inf
15368,inf
15252,inf
9806,inf
15110,inf
14392,inf
6554,inf
12330,inf
19366,inf
3616,inf
19430,inf
14831,inf
670,inf
16679,inf
17509,inf
6002,inf
18137,inf
12047,inf
10100,inf
6374,inf
2990,inf
3186,inf
8179,inf
16262,inf
16905,inf
12000,inf
1832,inf
6883,inf
17646,inf
2427,inf
2932,inf
12563,inf
17886,inf
10452,inf
3646,inf
5011,inf
14445,inf
8563,inf
6069,inf
14911,inf
12589,inf
12349,inf
2551,inf
15757,inf
7012,inf
7179,inf
11231,inf
3810,inf
803,inf
15657,inf
7957,inf
19815,inf
5947,inf
4434,inf
6309,inf
17543,inf
19350,inf
12876,inf
3476,inf
19029,inf
7915,inf
10609,inf
12020,inf
3800,inf
2234,inf
15928,inf
8237,inf
6843,inf
7176,inf
16433,inf
1294,inf
9532,inf
5197,inf
12235,inf
15399,inf
4978,inf
1547,inf
169,inf
9169,inf
16377,inf
12282,inf
10869,inf
9649,inf
2615,inf
18815,inf
2613,inf
395,inf
17231,inf
10566,inf
15549,inf
4252,inf
12531,inf
4566,inf
10981,inf
7057,inf
1292,inf
3143,inf
9039,inf
8652,inf
6447,inf
10664,inf
3095,inf
19859,inf
10355,inf
12973,inf
748,inf
17344,inf
2978,inf
5549,inf
16872,inf
14320,inf
6586,inf
2663,inf
11219,inf
443,inf
18630,inf
14298,inf
14516,inf
6297,inf
18041,inf
13207,inf
11855,inf
7623,inf
4329,inf
14919,inf
16046,inf
19980,inf
3465,inf
3766,inf
9748,inf
998,inf
15171,inf
831,inf
9803,inf
5884,inf
4354,inf
9418,inf
10926,inf
9845,inf
15376,inf
1760,inf
12336,inf
7642,inf
10649,inf
4137,inf
8584,inf
111,inf
7399,inf
4133,inf
2989,inf
17643,inf
16789,inf
12760,inf
10491,inf
5021,inf
18917,inf
19784,inf
9732,inf
2063,inf
11256,inf
9543,inf
5797,inf
19965,inf
9758,inf
17967,inf
4543,inf
11115,inf
16483,inf
8753,inf
11388,inf
15833,inf
858,inf
17312,inf
12626,inf
12578,inf
1886,inf
12240,inf
4905,inf
1748,inf
7871,inf
4446,inf
9066,inf
7030,inf
6677,inf
13041,inf
9739,inf
18,inf
16280,inf
18178,inf
15278,inf
9198,inf
8290,inf
14789,inf
5200,inf
2119,inf
19329,inf
13896,inf
16471,inf
10189,inf
1349,inf
955,inf
1555,inf
11470,inf
5637,inf
6527,inf
12549,inf
5923,inf
15878,inf
16978,inf
1565,inf
13713,inf
7694,inf
1687,inf
5118,inf
12979,inf
13939,inf
6293,inf
15226,inf
10958,inf
5168,inf
17046,inf
3383,inf
4262,inf
19743,inf
11244,inf
4920,inf
11624,inf
3763,inf
19070,inf
4467,inf
18006,inf
19934,inf
9721,inf
16347,inf
9144,inf
12427,inf
3239,inf
6779,inf
9665,inf
2266,inf
16173,inf
14359,inf
1818,inf
10899,inf
13187,inf
4771,inf
9363,inf
9450,inf
18354,inf
18734,inf
10641,inf
7806,inf
19522,inf
12738,inf
12167,inf
7905,inf
14090,inf
10679,inf
19870,inf
13686,inf
3986,inf
9159,inf
15510,inf
16406,inf
17322,inf
7447,inf
1122,inf
12068,inf
3832,inf
3728,inf
9466,inf
1326,inf
3122,inf
15650,inf
9768,inf
19913,inf
6012,inf
8435,inf
9596,inf
10366,inf
10464,inf
17835,inf
8269,inf
11108,inf
8930,inf
2094,inf
2486,inf
13293,inf
1093,inf
9398,inf
13967,inf
15174,inf
15008,inf
3084,inf
18636,inf
8638,inf
16044,inf
423,inf
12268,inf
3754,inf
11690,inf
1363,inf
5802,inf
14406,inf
15300,inf
18621,inf
15137,inf
4774,inf
18374,inf
17354,inf
17261,inf
7217,inf
1026,inf
15892,inf
13238,inf
55,inf
7478,inf
6530,inf
12867,inf
15960,inf
15232,inf
10772,inf
452,inf
17089,inf
10031,inf
8786,inf
1372,inf
6006,inf
13200,inf
887,inf
5623,inf
11474,inf
10358,inf
1811,inf
9478,inf
9976,inf
17268,inf
15738,inf
14253,inf
12325,inf
7405,inf
3488,inf
7152,inf
5870,inf
2192,inf
18430,inf
13491,inf
9025,inf
9924,inf
18336,inf
9817,inf
1403,inf
16465,inf
17682,inf
3799,inf
1252,inf
11923,inf
18364,inf
5915,inf
11268,inf
3977,inf
17271,inf
3230,inf
6136,inf
3017,inf
9113,inf
8933,inf
19884,inf
3706,inf
16633,inf
1458,inf
11061,inf
2730,inf
16773,inf
243,inf
14867,inf
10008,inf
10637,inf
18845,inf
7894,inf
8363,inf
13402,inf
268,inf
17755,inf
12960,inf
19697,inf
4512,inf
11103,inf
13726,inf
3100,inf
5148,inf
7769,inf
9573,inf
2044,inf
0,inf
16264,inf
10757,inf
3913,inf
15385,inf
13387,inf
18408,inf
15010,inf
7930,inf
7142,inf
18892,inf
17808,inf
16110,inf
18327,inf
17763,inf
19013,inf
10638,inf
6481,inf
1009,inf
19083,inf
8832,inf
4823,inf
7920,inf
260,inf
19272,inf
7635,inf
17990,inf
15209,inf
14737,inf
15150,inf
10789,inf
9064,inf
3481,inf
17003,inf
16646,inf
17385,inf
14780,inf
15254,inf
10646,inf
14159,inf
7658,inf
12116,inf
929,inf
8769,inf
10423,inf
654,inf
9789,inf
11148,inf
18038,inf
19674,inf
8471,inf
7461,inf
3567,inf
6622,inf
16045,inf
3217,inf
13136,inf
13950,inf
156,inf
18714,inf
1919,inf
8275,inf
3860,inf
17075,inf
10083,inf
8256,inf
13049,inf
1000,inf
5202,inf
11531,inf
3460,inf
3240,inf
2371,inf
19021,inf
106,inf
8182,inf
11419,inf
3009,inf
7897,inf
18720,inf
16916,inf
1972,inf
2087,inf
16397,inf
127,inf
581,inf
4963,inf
1633,inf
11214,inf
5622,inf
7550,inf
9320,inf
1952,inf
13078,inf
8970,inf
17321,inf
4624,inf
15143,inf
4557,inf
18256,inf
2831,inf
233,inf
8310,inf
12418,inf
19950,inf
17557,inf
13592,inf
7810,inf
18687,inf
15183,inf
5811,inf
5109,inf
19799,inf
12704,inf
6635,inf
771,inf
11503,inf
15655,inf
18941,inf
14255,inf
18574,inf
4279,inf
19769,inf
9970,inf
12903,inf
8888,inf
14260,inf
9458,inf
13665,inf
10467,inf
6716,inf
8163,inf
5960,inf
8788,inf
15348,inf
1114,inf
15502,inf
1927,inf
17159,inf
15846,inf
8490,inf
10443,inf
14870,inf
13150,inf
7230,inf
3310,inf
1231,inf
6939,inf
6851,inf
3522,inf
5492,inf
8027,inf
4207,inf
11469,inf
904,inf
17502,inf
4815,inf
5174,inf
9955,inf
14311,inf
9633,inf
17957,inf
7855,inf
13259,inf
7582,inf
19033,inf
9933,inf
11305,inf
5634,inf
7885,inf
16746,inf
18805,inf
7149,inf
12075,inf
2751,inf
11442,inf
5720,inf
331,inf
7038,inf
11789,inf
9100,inf
4019,inf
1147,inf
19466,inf
14628,inf
4479,inf
17200,inf
2270,inf
10744,inf
13643,inf
7294,inf
9416,inf
2476,inf
494,inf
14507,inf
14691,inf
11254,inf
16685,inf
19826,inf
14170,inf
6280,inf
13753,inf
19501,inf
890,inf
5864,inf
9535,inf
278,inf
4306,inf
11427,inf
6153,inf
3067,inf
15273,inf
8567,inf
2046,inf
10785,inf
6118,inf
15417,inf
14642,inf
18857,inf
193,inf
9042,inf
1827,inf
10314,inf
15714,inf
3947,inf
551,inf
15621,inf
12076,inf
2470,inf
19173,inf
8384,inf
5877,inf
4651,inf
11750,inf
8486,inf
2333,inf
10441,inf
1730,inf
16003,inf
14395,inf
6887,inf
763,inf
692,inf
114,inf
933,inf
5443,inf
8738,inf
1768,inf
19562,inf
6620,inf
8015,inf
4555,inf
3861,inf
12824,inf
6221,inf
18149,inf
14668,inf
12601,inf
8100,inf
1550,inf
18304,inf
1178,inf
19429,inf
4430,inf
17286,inf
5332,inf
2731,inf
12916,inf
14899,inf
17919,inf
4015,inf
900,inf
380,inf
13196,inf
15793,inf
365,inf
18268,inf
7789,inf
18725,inf
91,inf
12265,inf
17867,inf
16447,inf
16154,inf
14551,inf
6483,inf
19290,inf
17359,inf
10469,inf
12362,inf
3120,inf
8402,inf
13439,inf
16645,inf
19052,inf
526,inf
8664,inf
10771,inf
9228,inf
6957,inf
8450,inf
19213,inf
13007,inf
2109,inf
6947,inf
5326,inf
6606,inf
11026,inf
17960,inf
4755,inf
18989,inf
14748,inf
15630,inf
14796,inf
10630,inf
2712,inf
3457,inf
17293,inf
17239,inf
14213,inf
19686,inf
3416,inf
19432,inf
11382,inf
15720,inf
15843,inf
14249,inf
12595,inf
1762,inf
9022,inf
7664,inf
11787,inf
19077,inf
6434,inf
14039,inf
247,inf
14053,inf
8065,inf
6870,inf
2883,inf
14415,inf
9087,inf
11813,inf
8774,inf
3215,inf
9013,inf
2153,inf
17259,inf
1065,inf
9961,inf
8170,inf
1012,inf
16368,inf
6313,inf
13973,inf
14485,inf
18118,inf
10015,inf
12529,inf
8557,inf
9618,inf
1377,inf
15848,inf
14886,inf
7031,inf
4879,inf
16579,inf
18074,inf
2604,inf
4956,inf
277,inf
2045,inf
6103,inf
5481,inf
13248,inf
7490,inf
7863,inf
9624,inf
676,inf
573,inf
13432,inf
7190,inf
7479,inf
2536,inf
11674,inf
14175,inf
12943,inf
2688,inf
4371,inf
5136,inf
2557,inf
15176,inf
5063,inf
8489,inf
11398,inf
3195,inf
14853,inf
15910,inf
13032,inf
2057,inf
18405,inf
17770,inf
4725,inf
11439,inf
19785,inf
1428,inf
11692,inf
13583,inf
11572,inf
14134,inf
3689,inf
12519,inf
9849,inf
13113,inf
5308,inf
6027,inf
2261,inf
18168,inf
13092,inf
12352,inf
4032,inf
19108,inf
3179,inf
15229,inf
13213,inf
15259,inf
2288,inf
18932,inf
5242,inf
6917,inf
13336,inf
5359,inf
9662,inf
4896,inf
4841,inf
1915,inf
10654,inf
15233,inf
135,inf
2590,inf
2465,inf
22,inf
12310,inf
17176,inf
9881,inf
1610,inf
9525,inf
3710,inf
14723,inf
9128,inf
1631,inf
7263,inf
9637,inf
12706,inf
14649,inf
1176,inf
4538,inf
2941,inf
2582,inf
14596,inf
7137,inf
1503,inf
102,inf
3452,inf
19871,inf
4762,inf
13638,inf
11583,inf
10309,inf
5607,inf
2713,inf
5753,inf
10460,inf
9157,inf
4108,inf
932,inf
8099,inf
4664,inf
10762,inf
11976,inf
646,inf
347,inf
5500,inf
17072,inf
896,inf
10858,inf
8394,inf
5077,inf
14339,inf
16007,inf
7189,inf
5041,inf
17364,inf
5550,inf
5321,inf
17833,inf
9446,inf
3041,inf
2140,inf
7487,inf
1777,inf
14878,inf
6516,inf
7974,inf
14022,inf
11403,inf
12067,inf
11167,inf
5975,inf
13485,inf
15557,inf
13298,inf
2965,inf
8046,inf
9245,inf
7270,inf
967,inf
14023,inf
8501,inf
11241,inf
3039,inf
18144,inf
11246,inf
10584,inf
16212,inf
4935,inf
18545,inf
18977,inf
14408,inf
6661,inf
8299,inf
8821,inf
11406,inf
1747,inf
5920,inf
2169,inf
16205,inf
15612,inf
8030,inf
15674,inf
7579,inf
10124,inf
13721,inf
15450,inf
13796,inf
6472,inf
7201,inf
76,inf
14940,inf
17212,inf
436,inf
4151,inf
9565,inf
14042,inf
6463,inf
12278,inf
8355,inf
13993,inf
13977,inf
14115,inf
19264,inf
11558,inf
15862,inf
18062,inf
8713,inf
2993,inf
18314,inf
15496,inf
9818,inf
7161,inf
13623,inf
5857,inf
13297,inf
7632,inf
10558,inf
14804,inf
9451,inf
13503,inf
15620,inf
18117,inf
108,inf
5708,inf
11105,inf
12457,inf
2081,inf
9068,inf
3155,inf
8730,inf
7439,inf
6122,inf
15188,inf
5297,inf
18782,inf
4442,inf
6510,inf
19978,inf
11077,inf
4840,inf
10319,inf
14678,inf
4593,inf
16291,inf
3891,inf
2867,inf
6558,inf
11437,inf
10270,inf
5805,inf
19234,inf
11587,inf
9120,inf
13958,inf
4212,inf
18210,inf
14463,inf
2241,inf
166,inf
3207,inf
19268,inf
8746,inf
6932,inf
13978,inf
1354,inf
5952,inf
12272,inf
15139,inf
14142,inf
15791,inf
5795,inf
17166,inf
17001,inf
2097,inf
14388,inf
8851,inf
12172,inf
17997,inf
15277,inf
4899,inf
11336,inf
1544,inf
9657,inf
14172,inf
19948,inf
7713,inf
3129,inf
3038,inf
4783,inf
8475,inf
12553,inf
5911,inf
4184,inf
17866,inf
3107,inf
10483,inf
1370,inf
13169,inf
1024,inf
12147,inf
10550,inf
15327,inf
3176,inf
11011,inf
14590,inf
16494,inf
7568,inf
1171,inf
7023,inf
4806,inf
7736,inf
8562,inf
9877,inf
6184,inf
17903,inf
3677,inf
12648,inf
18894,inf
19438,inf
164,inf
866,inf
810,inf
10370,inf
11954,inf
19564,inf
2255,inf
18539,inf
1219,inf
5040,inf
10840,inf
10706,inf
15003,inf
5688,inf
15446,inf
12409,inf
16989,inf
17165,inf
9723,inf
9888,inf
11533,inf
12141,inf
4971,inf
5458,inf
16322,inf
7656,inf
5460,inf
18981,inf
11884,inf
14096,inf
16952,inf
1433,inf
10579,inf
7667,inf
18974,inf
18476,inf
13131,inf
15692,inf
12582,inf
14017,inf
2131,inf
18996,inf
16549,inf
13128,inf
29,inf
10528,inf
5542,inf
17380,inf
13156,inf
10718,inf
10513,inf
2594,inf
16545,inf
209,inf
11302,inf
8987,inf
17658,inf
17610,inf
17127,inf
9635,inf
4873,inf
14558,inf
14423,inf
2071,inf
1908,inf
7273,inf
14357,inf
67,inf
1157,inf
4724,inf
10387,inf
6088,inf
8292,inf
10056,inf
12813,inf
16959,inf
835,inf
4443,inf
15358,inf
17506,inf
8572,inf
13647,inf
15832,inf
16198,inf
1795,inf
1379,inf
3935,inf
6872,inf
18126,inf
16148,inf
7059,inf
2092,inf
5477,inf
16283,inf
16777,inf
6818,inf
19085,inf
2309,inf
10465,inf
2157,inf
4837,inf
17925,inf
15912,inf
7378,inf
12422,inf
11410,inf
16426,inf
4247,inf
17098,inf
3357,inf
14823,inf
729,inf
468,inf
3983,inf
16359,inf
1436,inf
2143,inf
18872,inf
1010,inf
1455,inf
16491,inf
17737,inf
16955,inf
9314,inf
2929,inf
6192,inf
17991,inf
6722,inf
1967,inf
4014,inf
12216,inf
11982,inf
12057,inf
15863,inf
12503,inf
1177,inf
12920,inf
17427,inf
2660,inf
13009,inf
3614,inf
5454,inf
7076,inf
19530,inf
16268,inf
12963,inf
15608,inf
6414,inf
15388,inf
10212,inf
1003,inf
3036,inf
14135,inf
7226,inf
5262,inf
6923,inf
12922,inf
4450,inf
19281,inf
18180,inf
10777,inf
9214,inf
8174,inf
5760,inf
11445,inf
969,inf
14407,inf
3656,inf
8279,inf
7538,inf
16097,inf
9559,inf
14290,inf
7034,inf
10043,inf
6862,inf
17273,inf
15760,inf
8966,inf
14650,inf
19607,inf
19977,inf
958,inf
8469,inf
1346,inf
9511,inf
5383,inf
18897,inf
679,inf
16576,inf
19574,inf
752,inf
1390,inf
5429,inf
6829,inf
1261,inf
18083,inf
2215,inf
3121,inf
6476,inf
682,inf
5743,inf
14417,inf
11947,inf
12804,inf
8701,inf
12812,inf
18335,inf
2891,inf
13685,inf
1517,inf
628,inf
5519,inf
19046,inf
9688,inf
2774,inf
14906,inf
8057,inf
12321,inf
1330,inf
1495,inf
10806,inf
19818,inf
2102,inf
11130,inf
17699,inf
7613,inf
16717,inf
17863,inf
6994,inf
13071,inf
14299,inf
16266,inf
6253,inf
10457,inf
17899,inf
12248,inf
10826,inf
6580,inf
11597,inf
14358,inf
15652,inf
19286,inf
4919,inf
3600,inf
9344,inf
4131,inf
2242,inf
2225,inf
7668,inf
1264,inf
18899,inf
14429,inf
9403,inf
18741,inf
11208,inf
13170,inf
4535,inf
2296,inf
10065,inf
10868,inf
4765,inf
1944,inf
19220,inf
1674,inf
19549,inf
16208,inf
5645,inf
5943,inf
13039,inf
1424,inf
4415,inf
11010,inf
588,inf
9824,inf
9999,inf
12158,inf
17761,inf
9706,inf
2934,inf
1940,inf
837,inf
4622,inf
10829,inf
17314,inf
5866,inf
10603,inf
2755,inf
6877,inf
8453,inf
6962,inf
119,inf
398,inf
3409,inf
17047,inf
19304,inf
7265,inf
18279,inf
10908,inf
4931,inf
14452,inf
19988,inf
5844,inf
8230,inf
7221,inf
1814,inf
16728,inf
4801,inf
8482,inf
5719,inf
8141,inf
511,inf
18615,inf
1163,inf
2595,inf
147,inf
13268,inf
3787,inf
19634,inf
18303,inf
11435,inf
8088,inf
507,inf
13636,inf
1018,inf
2974,inf
7160,inf
16639,inf
12035,inf
7817,inf
6636,inf
10568,inf
10313,inf
16857,inf
14148,inf
11628,inf
19170,inf
3547,inf
14578,inf
1725,inf
5173,inf
3693,inf
2892,inf
13292,inf
13284,inf
6701,inf
3251,inf
1939,inf
6015,inf
7015,inf
9989,inf
19628,inf
16273,inf
11773,inf
10972,inf
18220,inf
15197,inf
36,inf
17227,inf
13768,inf
18330,inf
303,inf
8333,inf
6998,inf
16207,inf
4958,inf
12521,inf
18359,inf
2027,inf
5605,inf
1106,inf
11932,inf
16725,inf
11512,inf
13440,inf
2567,inf
15699,inf
12295,inf
5008,inf
3894,inf
12931,inf
18711,inf
3768,inf
15804,inf
15622,inf
8794,inf
15221,inf
2683,inf
8768,inf
16339,inf
13656,inf
4551,inf
1459,inf
2306,inf
1847,inf
6266,inf
18340,inf
7170,inf
7301,inf
3617,inf
10953,inf
11714,inf
1860,inf
14803,inf
12155,inf
16116,inf
17753,inf
6310,inf
5266,inf
9366,inf
246,inf
17845,inf
8438,inf
8595,inf
3297,inf
10999,inf
11258,inf
13308,inf
11640,inf
17376,inf
19945,inf
18862,inf
3314,inf
10758,inf
3769,inf
4041,inf
3434,inf
17626,inf
7505,inf
8792,inf
9886,inf
15281,inf
7725,inf
14635,inf
4130,inf
17489,inf
2697,inf
14856,inf
12917,inf
7960,inf
4944,inf
9542,inf
2951,inf
3606,inf
54,inf
8197,inf
18320,inf
3615,inf
13289,inf
3242,inf
8946,inf
10172,inf
3344,inf
4003,inf
16349,inf
18716,inf
18676,inf
15485,inf
18843,inf
18227,inf
5644,inf
4729,inf
986,inf
13677,inf
7651,inf
14056,inf
10193,inf
8164,inf
15590,inf
11269,inf
17777,inf
11885,inf
1882,inf
5954,inf
2314,inf
11117,inf
16637,inf
1955,inf
5981,inf
4782,inf
778,inf
9932,inf
16431,inf
3727,inf
17790,inf
11415,inf
1658,inf
5983,inf
11053,inf
9125,inf
4637,inf
4845,inf
17627,inf
16315,inf
15948,inf
1665,inf
11631,inf
14722,inf
18628,inf
4746,inf
7786,inf
15731,inf
15915,inf
14830,inf
18500,inf
989,inf
12161,inf
19909,inf
823,inf
1341,inf
7489,inf
11050,inf
9353,inf
2763,inf
15872,inf
11331,inf
14433,inf
6534,inf
10392,inf
12002,inf
2548,inf
10288,inf
4043,inf
19926,inf
14277,inf
15664,inf
87,inf
1217,inf
1742,inf
10845,inf
1771,inf
16453,inf
8484,inf
14,inf
3216,inf
14337,inf
6539,inf
13611,inf
4576,inf
16079,inf
18537,inf
2132,inf
2961,inf
9797,inf
5545,inf
18361,inf
11566,inf
7307,inf
5941,inf
9105,inf
6734,inf
384,inf
17711,inf
8755,inf
5858,inf
15052,inf
5925,inf
7132,inf
8073,inf
13070,inf
310,inf
10051,inf
140,inf
4653,inf
13765,inf
1318,inf
16727,inf
1050,inf
16037,inf
11520,inf
10985,inf
17284,inf
18525,inf
4999,inf
17962,inf
6225,inf
9394,inf
19141,inf
2537,inf
14054,inf
1852,inf
2249,inf
8054,inf
6238,inf
18129,inf
14541,inf
14234,inf
12340,inf
3666,inf
10427,inf
1902,inf
12532,inf
2303,inf
5304,inf
1460,inf
13350,inf
10970,inf
11980,inf
4621,inf
9041,inf
18682,inf
5369,inf
14574,inf
5413,inf
1531,inf
18157,inf
2133,inf
16800,inf
19702,inf
703,inf
1917,inf
10793,inf
17983,inf
1632,inf
6730,inf
16153,inf
11791,inf
5187,inf
14232,inf
4967,inf
5423,inf
16748,inf
7704,inf
14513,inf
3599,inf
16085,inf
733,inf
11953,inf
4790,inf
3160,inf
4060,inf
152,inf
3808,inf
9698,inf
3194,inf
15363,inf
6217,inf
14597,inf
13201,inf
14272,inf
16560,inf
4366,inf
13585,inf
9303,inf
19064,inf
15813,inf
15547,inf
6585,inf
2740,inf
14561,inf
8323,inf
3676,inf
979,inf
19247,inf
13091,inf
11963,inf
9483,inf
10936,inf
9049,inf
2917,inf
8215,inf
8371,inf
11304,inf
17129,inf
19295,inf
4321,inf
6897,inf
5159,inf
11637,inf
3272,inf
5003,inf
7064,inf
978,inf
14902,inf
18692,inf
16437,inf
9045,inf
15394,inf
92,inf
14502,inf
6711,inf
12073,inf
1910,inf
4465,inf
17400,inf
10106,inf
13567,inf
15632,inf
4440,inf
1505,inf
3582,inf
4308,inf
1301,inf
3393,inf
17813,inf
1296,inf
6767,inf
6956,inf
15146,inf
15653,inf
4917,inf
13747,inf
13354,inf
6765,inf
13423,inf
4542,inf
7609,inf
19925,inf
4588,inf
17625,inf
19012,inf
7536,inf
14125,inf
16531,inf
15691,inf
13166,inf
5731,inf
2147,inf
9470,inf
3345,inf
13557,inf
17091,inf
8439,inf
11978,inf
2957,inf
2429,inf
16848,inf
464,inf
11685,inf
8106,inf
15693,inf
16699,inf
11375,inf
14400,inf
13625,inf
15434,inf
15128,inf
18435,inf
6179,inf
10767,inf
3351,inf
15949,inf
14029,inf
17011,inf
3385,inf
4050,inf
1912,inf
4607,inf
9177,inf
6588,inf
14683,inf
2072,inf
13784,inf
2036,inf
19938,inf
605,inf
15460,inf
9272,inf
739,inf
3862,inf
17373,inf
15372,inf
4147,inf
14925,inf
2295,inf
18082,inf
3633,inf
1094,inf
6004,inf
914,inf
15625,inf
8808,inf
2597,inf
13961,inf
9737,inf
7146,inf
7554,inf
14164,inf
4213,inf
17760,inf
2639,inf
10395,inf
14479,inf
13782,inf
11857,inf
15124,inf
17828,inf
6512,inf
4980,inf
10349,inf
16288,inf
8019,inf
4539,inf
2746,inf
9602,inf
2503,inf
17749,inf
8779,inf
9137,inf
18520,inf
14380,inf
6043,inf
12293,inf
4804,inf
9234,inf
9213,inf
11939,inf
5253,inf
11001,inf
11672,inf
11662,inf
2100,inf
14706,inf
3343,inf
14694,inf
12286,inf
2573,inf
4405,inf
15328,inf
16675,inf
6356,inf
3491,inf
190,inf
14147,inf
11203,inf
6000,inf
7590,inf
14547,inf
11471,inf
3697,inf
15354,inf
8316,inf
17213,inf
17981,inf
1116,inf
8800,inf
9075,inf
8262,inf
6703,inf
5420,inf
17118,inf
3106,inf
17120,inf
12287,inf
9820,inf
16451,inf
4115,inf
3066,inf
4058,inf
19503,inf
19806,inf
12335,inf
16027,inf
19768,inf
13421,inf
6055,inf
17754,inf
6535,inf
10504,inf
11062,inf
6526,inf
3431,inf
5043,inf
9327,inf
13549,inf
14304,inf
18986,inf
4616,inf
19265,inf
11092,inf
18583,inf
6853,inf
8993,inf
4263,inf
3056,inf
2664,inf
13076,inf
11490,inf
7244,inf
6461,inf
9014,inf
7047,inf
8466,inf
10498,inf
11480,inf
13155,inf
6443,inf
13873,inf
10167,inf
6752,inf
5028,inf
9184,inf
9784,inf
9051,inf
11217,inf
7835,inf
17301,inf
19079,inf
2968,inf
19623,inf
11236,inf
7243,inf
12061,inf
4342,inf
18744,inf
690,inf
7394,inf
774,inf
2084,inf
15092,inf
7451,inf
11569,inf
2005,inf
3363,inf
16146,inf
14278,inf
15961,inf
14133,inf
13434,inf
1143,inf
12023,inf
19223,inf
2354,inf
5971,inf
13391,inf
8203,inf
2327,inf
16445,inf
6553,inf
1996,inf
18043,inf
19489,inf
12807,inf
9816,inf
2041,inf
17486,inf
1743,inf
9557,inf
11536,inf
1183,inf
5615,inf
7455,inf
19313,inf
5508,inf
13608,inf
5677,inf
8132,inf
3747,inf
12472,inf
6985,inf
8208,inf
8612,inf
18285,inf
12030,inf
15958,inf
10800,inf
3044,inf
18011,inf
8944,inf
7875,inf
18130,inf
3096,inf
6325,inf
6213,inf
7864,inf
691,inf
3879,inf
12835,inf
17541,inf
7223,inf
4248,inf
15049,inf
8184,inf
13599,inf
14058,inf
3521,inf
16470,inf
5699,inf
4408,inf
8695,inf
6575,inf
8660,inf
2378,inf
10157,inf
14956,inf
10695,inf
16062,inf
7022,inf
17023,inf
972,inf
14327,inf
10563,inf
12455,inf
6754,inf
12250,inf
4293,inf
15362,inf
5005,inf
8546,inf
14951,inf
677,inf
3918,inf
16903,inf
8417,inf
16908,inf
6772,inf
12906,inf
180,inf
8338,inf
9122,inf
409,inf
16311,inf
3561,inf
7416,inf
9564,inf
6656,inf
51,inf
9086,inf
8838,inf
88,inf
11043,inf
2450,inf
19565,inf
12794,inf
18997,inf
14413,inf
9182,inf
2040,inf
7796,inf
141,inf
11657,inf
4910,inf
1579,inf
17193,inf
18472,inf
12526,inf
16410,inf
1153,inf
8963,inf
1539,inf
5640,inf
9594,inf
2935,inf
4632,inf
7867,inf
12119,inf
6721,inf
12364,inf
9526,inf
13702,inf
19555,inf
11357,inf
12051,inf
4737,inf
4290,inf
3580,inf
16655,inf
14921,inf
19225,inf
1337,inf
18567,inf
4894,inf
11033,inf
19242,inf
1476,inf
18906,inf
18248,inf
10180,inf
11091,inf
13174,inf
2685,inf
19803,inf
8024,inf
259,inf
13612,inf
14968,inf
19062,inf
3208,inf
12355,inf
16241,inf
17292,inf
1174,inf
4310,inf
186,inf
18832,inf
16489,inf
17750,inf
18515,inf
6890,inf
15437,inf
17572,inf
3952,inf
6430,inf
13067,inf
10005,inf
6859,inf
5336,inf
2806,inf
12461,inf
3273,inf
6781,inf
9831,inf
499,inf
9074,inf
7276,inf
10345,inf
7338,inf
572,inf
15334,inf
10064,inf
12437,inf
9232,inf
12838,inf
7187,inf
15498,inf
15981,inf
4611,inf
16374,inf
1072,inf
19901,inf
8342,inf
15178,inf
2489,inf
17725,inf
14309,inf
52,inf
19996,inf
12150,inf
2933,inf
13457,inf
609,inf
14855,inf
1980,inf
8773,inf
16501,inf
9318,inf
16425,inf
19128,inf
9934,inf
107,inf
420,inf
3650,inf
14301,inf
1865,inf
16059,inf
89,inf
4195,inf
8303,inf
18238,inf
15251,inf
14549,inf
8872,inf
11392,inf
10595,inf
1543,inf
8067,inf
12901,inf
5254,inf
10306,inf
1958,inf
18943,inf
16738,inf
16980,inf
6538,inf
16050,inf
12736,inf
19478,inf
11446,inf
17978,inf
13830,inf
7207,inf
2170,inf
16005,inf
5973,inf
3128,inf
12959,inf
4413,inf
16351,inf
13954,inf
13733,inf
19542,inf
5786,inf
11344,inf
15640,inf
8245,inf
4374,inf
12569,inf
14592,inf
3386,inf
5066,inf
6595,inf
4564,inf
1644,inf
9861,inf
12889,inf
2752,inf
17272,inf
7923,inf
10059,inf
17438,inf
18406,inf
9164,inf
16542,inf
19450,inf
18240,inf
16407,inf
9243,inf
1323,inf
5392,inf
9979,inf
2007,inf
11959,inf
9527,inf
18383,inf
6875,inf
17249,inf
9667,inf
11511,inf
13878,inf
16114,inf
3771,inf
8850,inf
9593,inf
14615,inf
14162,inf
740,inf
14967,inf
5757,inf
17397,inf
16440,inf
6787,inf
4167,inf
10775,inf
15839,inf
5806,inf
11328,inf
13193,inf
13927,inf
2871,inf
4319,inf
7252,inf
10753,inf
4787,inf
1982,inf
12599,inf
4842,inf
5578,inf
10263,inf
19087,inf
3013,inf
730,inf
11894,inf
10544,inf
12004,inf
14481,inf
7095,inf
2231,inf
8009,inf
7055,inf
2803,inf
9648,inf
17757,inf
1166,inf
3887,inf
18114,inf
14284,inf
10445,inf
3886,inf
11969,inf
10126,inf
18066,inf
3816,inf
12129,inf
1485,inf
5434,inf
4386,inf
18457,inf
8021,inf
8947,inf
1619,inf
15423,inf
5194,inf
8045,inf
8391,inf
448,inf
10081,inf
19538,inf
1400,inf
16598,inf
5277,inf
11675,inf
15262,inf
17053,inf
15102,inf
18491,inf
12269,inf
12275,inf
4361,inf
10099,inf
6056,inf
16170,inf
7709,inf
1690,inf
15317,inf
12891,inf
6976,inf
15321,inf
9810,inf
12225,inf
11931,inf
10381,inf
12962,inf
19599,inf
19377,inf
18851,inf
15272,inf
3941,inf
18522,inf
16032,inf
13453,inf
9947,inf
5544,inf
9187,inf
14300,inf
2322,inf
7580,inf
8844,inf
13619,inf
45,inf
14075,inf
9973,inf
3293,inf
8447,inf
14577,inf
10711,inf
11020,inf
6663,inf
5776,inf
2282,inf
18756,inf
10209,inf
3658,inf
19540,inf
3776,inf
4908,inf
3123,inf
16060,inf
18404,inf
3570,inf
8278,inf
5223,inf
2811,inf
1383,inf
13285,inf
15533,inf
3680,inf
3973,inf
5524,inf
13072,inf
1784,inf
3696,inf
64,inf
3326,inf
14251,inf
3720,inf
15705,inf
3911,inf
5364,inf
1142,inf
1064,inf
12508,inf
11724,inf
5469,inf
13597,inf
7456,inf
19477,inf
224,inf
2362,inf
6878,inf
6934,inf
6327,inf
10304,inf
17786,inf
16937,inf
14567,inf
11123,inf
15988,inf
155,inf
13424,inf
19537,inf
10105,inf
7331,inf
16626,inf
19655,inf
234,inf
10880,inf
10120,inf
14307,inf
9636,inf
1464,inf
1382,inf
1475,inf
4132,inf
2651,inf
17692,inf
6205,inf
17221,inf
5144,inf
2762,inf
2037,inf
14076,inf
19514,inf
241,inf
668,inf
8312,inf
4585,inf
747,inf
13215,inf
8920,inf
17219,inf
12144,inf
9171,inf
13877,inf
9061,inf
16934,inf
17317,inf
13243,inf
9192,inf
12935,inf
6214,inf
19791,inf
16218,inf
15683,inf
724,inf
19620,inf
15377,inf
16068,inf
2538,inf
7397,inf
19928,inf
18858,inf
8574,inf
19045,inf
6301,inf
18934,inf
12468,inf
19258,inf
9868,inf
12779,inf
12755,inf
4909,inf
5762,inf
6172,inf
19668,inf
5444,inf
18835,inf
6180,inf
8583,inf
19314,inf
17417,inf
3628,inf
1269,inf
8459,inf
6808,inf
13361,inf
18552,inf
13324,inf
9928,inf
19973,inf
11614,inf
5378,inf
5974,inf
7601,inf
15333,inf
1355,inf
19678,inf
18925,inf
6852,inf
6372,inf
10455,inf
1889,inf
11848,inf
1945,inf
4529,inf
5756,inf
17605,inf
13099,inf
7073,inf
6769,inf
3550,inf
296,inf
16384,inf
2208,inf
8426,inf
13043,inf
9160,inf
8795,inf
18192,inf
16602,inf
4490,inf
6693,inf
14326,inf
632,inf
6800,inf
14049,inf
3890,inf
9385,inf
18635,inf
11178,inf
17085,inf
5260,inf
2792,inf
12488,inf
9,inf
1718,inf
9509,inf
13020,inf
12504,inf
12333,inf
3840,inf
19287,inf
3632,inf
19625,inf
1095,inf
8023,inf
2301,inf
1540,inf
13212,inf
15202,inf
14011,inf
973,inf
7316,inf
10024,inf
12809,inf
11546,inf
2717,inf
3611,inf
938,inf
8521,inf
14763,inf
9878,inf
1413,inf
7731,inf
6587,inf
14126,inf
16338,inf
8785,inf
14604,inf
17036,inf
19259,inf
3949,inf
11423,inf
18015,inf
17819,inf
18738,inf
9380,inf
3047,inf
17796,inf
16838,inf
15726,inf
13516,inf
245,inf
2006,inf
370,inf
8366,inf
14031,inf
18436,inf
5258,inf
4863,inf
14085,inf
8276,inf
10884,inf
11385,inf
10148,inf
14645,inf
3173,inf
13059,inf
3730,inf
11717,inf
8047,inf
1986,inf
14377,inf
19788,inf
2734,inf
6502,inf
208,inf
11788,inf
14465,inf
10932,inf
2624,inf
18434,inf
12169,inf
1426,inf
5450,inf
5727,inf
1705,inf
17260,inf
19999,inf
12622,inf
12469,inf
17523,inf
12629,inf
9148,inf
11948,inf
8728,inf
1039,inf
14684,inf
13226,inf
10634,inf
17977,inf
3243,inf
11315,inf
9800,inf
12013,inf
11807,inf
10439,inf
3287,inf
11488,inf
15231,inf
4373,inf
5207,inf
7834,inf
3088,inf
14915,inf
15410,inf
9984,inf
11874,inf
10354,inf
8403,inf
13141,inf
11585,inf
16722,inf
3818,inf
15477,inf
766,inf
16242,inf
2824,inf
18353,inf
15206,inf
13030,inf
12879,inf
10997,inf
13807,inf
6692,inf
14950,inf
17940,inf
18713,inf
14799,inf
16752,inf
6842,inf
12830,inf
4123,inf
19394,inf
6276,inf
14269,inf
17220,inf
8885,inf
120,inf
19614,inf
12747,inf
16393,inf
17975,inf
7200,inf
16595,inf
9336,inf
13959,inf
17367,inf
14051,inf
3752,inf
6941,inf
6691,inf
5749,inf
9629,inf
16475,inf
2008,inf
3702,inf
4435,inf
9827,inf
18639,inf
8330,inf
13528,inf
640,inf
15427,inf
13470,inf
2009,inf
5690,inf
11987,inf
7953,inf
6079,inf
6265,inf
2368,inf
16454,inf
5642,inf
10181,inf
11240,inf
9866,inf
16825,inf
13124,inf
5617,inf
10154,inf
634,inf
3003,inf
15044,inf
13034,inf
836,inf
9589,inf
9661,inf
4480,inf
18416,inf
12339,inf
6513,inf
2866,inf
11822,inf
7659,inf
12043,inf
3389,inf
13513,inf
12183,inf
3150,inf
13904,inf
19160,inf
5807,inf
15506,inf
3295,inf
19492,inf
8488,inf
7514,inf
4476,inf
11266,inf
12138,inf
5337,inf
9181,inf
13722,inf
5674,inf
11345,inf
12334,inf
1402,inf
4200,inf
7126,inf
15923,inf
8943,inf
13943,inf
4966,inf
19389,inf
12817,inf
3327,inf
7194,inf
19763,inf
6242,inf
7546,inf
17773,inf
5610,inf
9677,inf
8514,inf
13895,inf
5436,inf
17700,inf
15352,inf
1874,inf
3605,inf
19465,inf
8692,inf
8789,inf
878,inf
9155,inf
12684,inf
19252,inf
18453,inf
15886,inf
18452,inf
12754,inf
1938,inf
5410,inf
3024,inf
17595,inf
14797,inf
4385,inf
15267,inf
1049,inf
16086,inf
9330,inf
3692,inf
9432,inf
16420,inf
9238,inf
14482,inf
7021,inf
15700,inf
13590,inf
13104,inf
9333,inf
4709,inf
16234,inf
19230,inf
6762,inf
1609,inf
10205,inf
10331,inf
1074,inf
713,inf
19072,inf
1985,inf
11560,inf
13750,inf
17744,inf
16185,inf
19284,inf
3957,inf
19325,inf
726,inf
8998,inf
12987,inf
9612,inf
5026,inf
4204,inf
15885,inf
14289,inf
15583,inf
14625,inf
19541,inf
851,inf
12228,inf
2273,inf
7472,inf
4549,inf
15093,inf
3004,inf
6824,inf
13348,inf
13855,inf
13487,inf
18935,inf
14432,inf
12941,inf
5117,inf
17697,inf
14752,inf
17986,inf
5836,inf
17034,inf
4418,inf
8995,inf
8824,inf
15325,inf
19651,inf
14160,inf
11476,inf
305,inf
19071,inf
16561,inf
3819,inf
4084,inf
3274,inf
6937,inf
8631,inf
4707,inf
13400,inf
2691,inf
18726,inf
96,inf
1536,inf
18841,inf
6093,inf
13791,inf
3934,inf
18787,inf
4001,inf
17920,inf
965,inf
17326,inf
19091,inf
4494,inf
17229,inf
14426,inf
6657,inf
4145,inf
11371,inf
3811,inf
18505,inf
3585,inf
6650,inf
15925,inf
2760,inf
13751,inf
12909,inf
6005,inf
19629,inf
14638,inf
7350,inf
15598,inf
19713,inf
11845,inf
17238,inf
18871,inf
6228,inf
10975,inf
16918,inf
8281,inf
744,inf
16385,inf
2161,inf
9900,inf
4363,inf
8022,inf
15604,inf
8094,inf
11841,inf
3734,inf
17100,inf
6196,inf
10585,inf
19337,inf
13926,inf
13671,inf
17254,inf
591,inf
13568,inf
16084,inf
15405,inf
14480,inf
14895,inf
2218,inf
7196,inf
18580,inf
6034,inf
16186,inf
385,inf
3517,inf
8014,inf
14368,inf
17309,inf
18587,inf
1224,inf
2865,inf
9884,inf
5956,inf
4558,inf
18395,inf
158,inf
18957,inf
870,inf
285,inf
9882,inf
2074,inf
3410,inf
17375,inf
9504,inf
11735,inf
5804,inf
1892,inf
10187,inf
8166,inf
14759,inf
19096,inf
19248,inf
946,inf
18181,inf
4273,inf
17346,inf
19011,inf
8437,inf
12458,inf
19161,inf
15531,inf
14225,inf
10418,inf
6382,inf
6509,inf
951,inf
15104,inf
5728,inf
10608,inf
3502,inf
16811,inf
5534,inf
6311,inf
11764,inf
19707,inf
13198,inf
8151,inf
13314,inf
14666,inf
14885,inf
4627,inf
8188,inf
18232,inf
163,inf
9651,inf
9111,inf
7148,inf
14721,inf
14068,inf
17022,inf
431,inf
912,inf
4004,inf
17425,inf
570,inf
6826,inf
6611,inf
320,inf
199,inf
13001,inf
18765,inf
13681,inf
6140,inf
1240,inf
11571,inf
95,inf
15865,inf
9175,inf
15500,inf
15475,inf
227,inf
16352,inf
9711,inf
1139,inf
18224,inf
12306,inf
1289,inf
19735,inf
11535,inf
16039,inf
19956,inf
3029,inf
15616,inf
13357,inf
12947,inf
18064,inf
15238,inf
4035,inf
10363,inf
10831,inf
8113,inf
7959,inf
7671,inf
19118,inf
15024,inf
9383,inf
4913,inf
2455,inf
10863,inf
1046,inf
1270,inf
15992,inf
7081,inf
6821,inf
13730,inf
19427,inf
16150,inf
11749,inf
11635,inf
8908,inf
6324,inf
538,inf
7908,inf
18674,inf
19381,inf
5598,inf
4924,inf
4154,inf
13570,inf
2203,inf
15095,inf
11974,inf
6036,inf
17416,inf
11158,inf
4426,inf
19816,inf
9506,inf
10927,inf
13046,inf
11811,inf
16016,inf
5537,inf
18898,inf
7311,inf
7138,inf
15984,inf
12054,inf
14239,inf
13501,inf
14836,inf
975,inf
8078,inf
3778,inf
16809,inf
5354,inf
14341,inf
10962,inf
14410,inf
10375,inf
3549,inf
4312,inf
5356,inf
6690,inf
17877,inf
12436,inf
19367,inf
7637,inf
5453,inf
11575,inf
2195,inf
13949,inf
16442,inf
17342,inf
2159,inf
15029,inf
618,inf
5126,inf
773,inf
10147,inf
1212,inf
7387,inf
4113,inf
14259,inf
7764,inf
16654,inf
15228,inf
19609,inf
2113,inf
17441,inf
10551,inf
17795,inf
12942,inf
149,inf
17680,inf
15402,inf
8723,inf
16532,inf
11859,inf
5390,inf
903,inf
8766,inf
3246,inf
16165,inf
5379,inf
6303,inf
6314,inf
19698,inf
15884,inf
6279,inf
12588,inf
8646,inf
16199,inf
3089,inf
12984,inf
7684,inf
3187,inf
5898,inf
9347,inf
14555,inf
9054,inf
12512,inf
14224,inf
18740,inf
18134,inf
12413,inf
